Topic,Subjects,Section
colonial america,Social Studies,United States History
jamestown,Social Studies,United States History
salem witch trials,Social Studies,United States History
american revolution,Social Studies,United States History
declaration of independence,Social Studies,United States History
constitutional convention,Social Studies,United States History
bill of rights,Social Studies,United States History
federalism,Social Studies,United States History
war of 1812,Social Studies,United States History
manifest destiny,Social Studies,United States History
westward expansion,Social Studies,United States History
trail of tears,Social Studies,United States History
abolition,Social Studies,United States History
underground railroad,Social Studies,United States History
civil war,Social Studies,United States History
emancipation proclamation,Social Studies,United States History
reconstruction,Social Studies,United States History
jim crow,Social Studies,United States History
segregation,Social Studies,United States History
industrial revolution,Social Studies|Science,United States History
gilded age,Social Studies,United States History
immigration history,Social Studies|Culture and Geography,United States History
ellis island,Social Studies,United States History
progressive era,Social Studies,United States History
womens suffrage,Social Studies,United States History
prohibition,Social Studies,United States History
the jazz age,Social Studies|Culture and Geography,United States History
harlem renaissance,Social Studies|English Language Arts,United States History
great depression,Social Studies,United States History
the new deal,Social Studies,United States History
dust bowl,Social Studies,United States History
pearl harbor,Social Studies,United States History
japanese american internment,Social Studies,United States History
the great migration,Social Studies,United States History
red scare,Social Studies,United States History
mccarthyism,Social Studies,United States History
brown v board of education,Social Studies,United States History
civil rights movement,Social Studies,United States History
march on washington,Social Studies,United States History
black power,Social Studies,United States History
chicano movement,Social Studies|Culture and Geography,United States History
american indian movement,Social Studies,United States History
vietnam war,Social Studies,United States History
watergate,Social Studies,United States History
september 11,Social Studies|Current Events and News,United States History
electoral college,Social Studies,United States History
supreme court,Social Studies,United States History
congress,Social Studies,United States History
the presidency,Social Studies,United States History
political parties,Social Studies,United States History
voting rights,Social Studies,United States History
mesopotamia,Social Studies,World History
ancient egypt,Social Studies,World History
ancient greece,Social Studies,World History
ancient rome,Social Studies,World History
the silk road,Social Studies|Culture and Geography,World History
byzantine empire,Social Studies,World History
the middle ages,Social Studies,World History
feudalism,Social Studies,World History
the crusades,Social Studies,World History
the black death,Social Studies,World History
the renaissance,Social Studies|English Language Arts,World History
the reformation,Social Studies|Culture and Geography,World History
age of exploration,Social Studies,World History
columbian exchange,Social Studies,World History
the enlightenment,Social Studies,World History
french revolution,Social Studies,World History
napoleon,Social Studies,World History
imperialism,Social Studies,World History
world war 1,Social Studies,World History
russian revolution,Social Studies,World History
world war 2,Social Studies,World History
the holocaust,Social Studies,World History
the cold war,Social Studies,World History
berlin wall,Social Studies,World History
korean war,Social Studies,World History
decolonization,Social Studies|Culture and Geography,World History
apartheid,Social Studies|Culture and Geography,World History
genocide,Social Studies|Complicated Issues,World History
globalization,Social Studies|Business,World History
arab spring,Social Studies|Current Events and News,World History
shakespeare,English Language Arts,Literature and English
macbeth,English Language Arts,Literature and English
hamlet,English Language Arts,Literature and English
romeo and juliet,English Language Arts,Literature and English
the great gatsby,English Language Arts,Literature and English
to kill a mockingbird,English Language Arts,Literature and English
of mice and men,English Language Arts,Literature and English
the crucible,English Language Arts,Literature and English
lord of the flies,English Language Arts,Literature and English
1984,English Language Arts,Literature and English
brave new world,English Language Arts,Literature and English
fahrenheit 451,English Language Arts,Literature and English
the odyssey,English Language Arts|Social Studies,Literature and English
beowulf,English Language Arts,Literature and English
frankenstein,English Language Arts,Literature and English
the scarlet letter,English Language Arts,Literature and English
their eyes were watching god,English Language Arts,Literature and English
the catcher in the rye,English Language Arts,Literature and English
night by elie wiesel,English Language Arts|Social Studies,Literature and English
a raisin in the sun,English Language Arts,Literature and English
poetry analysis,English Language Arts,Literature and English
literary devices,English Language Arts,Literature and English
symbolism,English Language Arts,Literature and English
theme,English Language Arts,Literature and English
character analysis,English Language Arts,Literature and English
close reading,English Language Arts,Literature and English
rhetorical analysis,English Language Arts,Literature and English
argumentative essay,English Language Arts|Complicated Issues,Literature and English
persuasive writing,English Language Arts|Complicated Issues,Literature and English
narrative writing,English Language Arts,Literature and English
literary movements,English Language Arts,Literature and English
transcendentalism,English Language Arts|Social Studies,Literature and English
modernism,English Language Arts,Literature and English
gothic literature,English Language Arts,Literature and English
dystopian fiction,English Language Arts,Literature and English
graphic novels,English Language Arts,Literature and English
banned books,English Language Arts|Complicated Issues,Literature and English
book recommendations,English Language Arts,Literature and English
what should i read next,English Language Arts,Literature and English
scientific method,Science,Science
photosynthesis,Science,Science
cellular respiration,Science,Science
cell structure,Science,Science
mitosis,Science,Science
dna,Science,Science
genetics,Science,Science
heredity,Science,Science
evolution,Science,Science
natural selection,Science,Science
ecology,Science,Science
ecosystems,Science,Science
food webs,Science,Science
biomes,Science,Science
human body systems,Science|Health and Wellness,Science
anatomy,Science|Health and Wellness,Science
microbiology,Science,Science
viruses,Science|Health and Wellness,Science
atomic structure,Science,Science
the periodic table,Science,Science
chemical reactions,Science,Science
chemical bonding,Science,Science
acids and bases,Science,Science
states of matter,Science,Science
stoichiometry,Science|Mathematics,Science
newtons laws,Science,Science
forces and motion,Science,Science
energy,Science,Science
thermodynamics,Science,Science
electricity and magnetism,Science,Science
waves,Science,Science
optics,Science,Science
plate tectonics,Science,Science
rock cycle,Science,Science
the water cycle,Science,Science
weather and climate,Science,Science
meteorology,Science,Science
astronomy,Science,Science
the solar system,Science,Science
space exploration,Science,Science
black holes,Science,Science
climate change,Science|Complicated Issues,Science
global warming,Science|Complicated Issues,Science
renewable energy,Science|Complicated Issues,Science
fossil fuels,Science|Complicated Issues,Science
pollution,Science|Complicated Issues,Science
biodiversity,Science,Science
endangered species,Science,Science
conservation,Science,Science
forensic science,Science,Science
paleontology,Science,Science
dinosaurs,Science,Science
robotics,Science|Mathematics,Science
artificial intelligence,Science|Complicated Issues,Science
nutrition,Health and Wellness,Health and Wellness
exercise and fitness,Health and Wellness,Health and Wellness
mental health,Health and Wellness|Psychology,Health and Wellness
anxiety,Health and Wellness|Psychology,Health and Wellness
depression,Health and Wellness|Psychology,Health and Wellness
stress,Health and Wellness|Psychology,Health and Wellness
sleep,Health and Wellness,Health and Wellness
eating disorders,Health and Wellness|Psychology,Health and Wellness
substance abuse,Health and Wellness|Complicated Issues,Health and Wellness
vaping,Health and Wellness|Complicated Issues,Health and Wellness
alcohol,Health and Wellness|Complicated Issues,Health and Wellness
opioids,Health and Wellness|Complicated Issues,Health and Wellness
addiction,Health and Wellness|Psychology,Health and Wellness
vaccines,Health and Wellness|Science,Health and Wellness
infectious disease,Health and Wellness|Science,Health and Wellness
diabetes,Health and Wellness,Health and Wellness
cancer,Health and Wellness,Health and Wellness
heart disease,Health and Wellness,Health and Wellness
first aid,Health and Wellness,Health and Wellness
sexual health,Health and Wellness,Health and Wellness
puberty,Health and Wellness,Health and Wellness
sports medicine,Health and Wellness,Health and Wellness
public health,Health and Wellness|Complicated Issues,Health and Wellness
epidemics,Health and Wellness|Social Studies,Health and Wellness
gun control,Complicated Issues,Debate and Complicated Issues
the death penalty,Complicated Issues,Debate and Complicated Issues
capital punishment,Complicated Issues,Debate and Complicated Issues
abortion,Complicated Issues,Debate and Complicated Issues
immigration policy,Complicated Issues|Social Studies,Debate and Complicated Issues
censorship,Complicated Issues|English Language Arts,Debate and Complicated Issues
free speech,Complicated Issues|Social Studies,Debate and Complicated Issues
privacy,Complicated Issues,Debate and Complicated Issues
surveillance,Complicated Issues,Debate and Complicated Issues
social media and teens,Complicated Issues|Health and Wellness,Debate and Complicated Issues
screen time,Complicated Issues|Health and Wellness,Debate and Complicated Issues
cyberbullying,Complicated Issues|Health and Wellness,Debate and Complicated Issues
misinformation,Complicated Issues|Current Events and News,Debate and Complicated Issues
fake news,Complicated Issues|Current Events and News,Debate and Complicated Issues
media bias,Complicated Issues|Current Events and News,Debate and Complicated Issues
policing,Complicated Issues|Social Studies,Debate and Complicated Issues
criminal justice,Complicated Issues|Social Studies,Debate and Complicated Issues
mass incarceration,Complicated Issues|Social Studies,Debate and Complicated Issues
income inequality,Complicated Issues|Business,Debate and Complicated Issues
minimum wage,Complicated Issues|Business,Debate and Complicated Issues
healthcare policy,Complicated Issues|Health and Wellness,Debate and Complicated Issues
student loans,Complicated Issues|College and Career,Debate and Complicated Issues
school uniforms,Complicated Issues,Debate and Complicated Issues
standardized testing,Complicated Issues|For Teachers,Debate and Complicated Issues
animal testing,Complicated Issues|Science,Debate and Complicated Issues
factory farming,Complicated Issues|Science,Debate and Complicated Issues
fast fashion,Complicated Issues|Business,Debate and Complicated Issues
gene editing,Complicated Issues|Science,Debate and Complicated Issues
drug legalization,Complicated Issues,Debate and Complicated Issues
voting age,Complicated Issues|Social Studies,Debate and Complicated Issues
electoral reform,Complicated Issues|Social Studies,Debate and Complicated Issues
climate policy,Complicated Issues|Science,Debate and Complicated Issues
gender identity,Complicated Issues|Psychology,Debate and Complicated Issues
affirmative action,Complicated Issues|Social Studies,Debate and Complicated Issues
world religions,Culture and Geography,"Culture, Geography, Religion"
christianity,Culture and Geography,"Culture, Geography, Religion"
islam,Culture and Geography,"Culture, Geography, Religion"
judaism,Culture and Geography,"Culture, Geography, Religion"
hinduism,Culture and Geography,"Culture, Geography, Religion"
buddhism,Culture and Geography,"Culture, Geography, Religion"
sikhism,Culture and Geography,"Culture, Geography, Religion"
shinto,Culture and Geography,"Culture, Geography, Religion"
comparative religion,Culture and Geography,"Culture, Geography, Religion"
country profiles,Culture and Geography,"Culture, Geography, Religion"
world geography,Culture and Geography,"Culture, Geography, Religion"
landforms,Culture and Geography|Science,"Culture, Geography, Religion"
climate zones,Culture and Geography|Science,"Culture, Geography, Religion"
population,Culture and Geography|Social Studies,"Culture, Geography, Religion"
urbanization,Culture and Geography|Social Studies,"Culture, Geography, Religion"
migration,Culture and Geography|Social Studies,"Culture, Geography, Religion"
cultural traditions,Culture and Geography,"Culture, Geography, Religion"
holidays and festivals,Culture and Geography,"Culture, Geography, Religion"
food and cuisine,Culture and Geography,"Culture, Geography, Religion"
music history,Culture and Geography|English Language Arts,"Culture, Geography, Religion"
film history,Culture and Geography|English Language Arts,"Culture, Geography, Religion"
art history,Culture and Geography|English Language Arts,"Culture, Geography, Religion"
fashion history,Culture and Geography,"Culture, Geography, Religion"
sports history,Culture and Geography,"Culture, Geography, Religion"
economics,Business,Business and Economics
supply and demand,Business,Business and Economics
inflation,Business|Current Events and News,Business and Economics
the stock market,Business,Business and Economics
investing,Business,Business and Economics
personal finance,Business|College and Career,Business and Economics
budgeting,Business|College and Career,Business and Economics
credit and debt,Business|College and Career,Business and Economics
entrepreneurship,Business,Business and Economics
starting a business,Business,Business and Economics
business plan,Business,Business and Economics
marketing,Business,Business and Economics
advertising,Business|Culture and Geography,Business and Economics
branding,Business,Business and Economics
supply chain,Business,Business and Economics
international trade,Business|Social Studies,Business and Economics
business ethics,Business|Complicated Issues,Business and Economics
deca,Business,Business and Economics
fbla,Business,Business and Economics
career exploration,College and Career,College and Career
choosing a major,College and Career,College and Career
college majors,College and Career,College and Career
college applications,College and Career,College and Career
college essay,College and Career|English Language Arts,College and Career
scholarships,College and Career,College and Career
financial aid,College and Career,College and Career
fafsa,College and Career,College and Career
sat,College and Career,College and Career
act,College and Career,College and Career
ap exams,College and Career,College and Career
asvab,College and Career,College and Career
resume,College and Career,College and Career
cover letter,College and Career,College and Career
job interview,College and Career,College and Career
internships,College and Career,College and Career
trade school,College and Career,College and Career
apprenticeship,College and Career,College and Career
gap year,College and Career,College and Career
military service,College and Career|Social Studies,College and Career
how to cite a source,Citation Tools,Research Skills and Citation
works cited page,Citation Tools,Research Skills and Citation
bibliography,Citation Tools,Research Skills and Citation
in text citations,Citation Tools,Research Skills and Citation
mla style,Citation Tools,Research Skills and Citation
apa style,Citation Tools,Research Skills and Citation
chicago style,Citation Tools,Research Skills and Citation
annotated bibliography,Citation Tools,Research Skills and Citation
plagiarism,Citation Tools|Complicated Issues,Research Skills and Citation
paraphrasing,Citation Tools|English Language Arts,Research Skills and Citation
evaluating sources,Basic Information and General Reference|Complicated Issues,Research Skills and Citation
lateral reading,Basic Information and General Reference,Research Skills and Citation
primary and secondary sources,Basic Information and General Reference|Social Studies,Research Skills and Citation
peer review,Basic Information and General Reference,Research Skills and Citation
scholarly articles,Basic Information and General Reference,Research Skills and Citation
research question,Basic Information and General Reference,Research Skills and Citation
thesis statement,English Language Arts,Research Skills and Citation
note taking,Citation Tools|Basic Information and General Reference,Research Skills and Citation
where do i start,Basic Information and General Reference,Research Skills and Citation
images for a project,Basic Information and General Reference,Media and Format
copyright free images,Basic Information and General Reference,Media and Format
streaming video,Basic Information and General Reference,Media and Format
documentaries,Basic Information and General Reference,Media and Format
ebooks,Basic Information and General Reference,Media and Format
audiobooks,English Language Arts,Media and Format
newspapers,Current Events and News,Media and Format
magazines,Current Events and News,Media and Format
current events,Current Events and News,Media and Format
breaking news,Current Events and News,Media and Format
editorials,Current Events and News|Complicated Issues,Media and Format
spanish language sources,Basic Information and General Reference|Culture and Geography,Media and Format
